{
    "bigrams": {
        "an": 1.5257390515058185,
        "ea": 1.162665816724234,
        "er": 1.4567967101684758,
        "es": 1.154697606418913,
        "ha": 1.1609335970926427,
        "he": 2.0797028896887895,
        "in": 1.7765644541602719,
        "ou": 1.7654782485180862,
        "re": 1.4484820559368363,
        "th": 2.687019092524779
    },
    "characters": {
        "!": 0.035033247238555804,
        "&": 0.0013738528328845413,
        "'": 0.5457630378633841,
        "(": 0.008243116997307247,
        ")": 0.007899653789086112,
        ",": 1.3010386327416605,
        "-": 0.10303896246634062,
        ".": 1.7396411496400503,
        "/": 0.0006869264164422707,
        "0": 0.0075561905808649785,
        "1": 0.007212727372643843,
        "2": 0.005495411331538165,
        "3": 0.002060779249326812,
        "4": 0.0030911688739902183,
        "5": 0.0030911688739902183,
        "6": 0.001030389624663406,
        "7": 0.001030389624663406,
        "8": 0.0013738528328845413,
        "9": 0.002060779249326812,
        ":": 0.052549870857833705,
        ";": 0.07624883222509204,
        "?": 0.08586580205528384,
        "A": 0.19268285981205693,
        "B": 0.11093861625542671,
        "C": 0.04533714348518987,
        "D": 0.07590536901687092,
        "E": 0.044993680276968734,
        "F": 0.05289333406605485,
        "G": 0.05186294444139144,
        "H": 0.07624883222509204,
        "I": 0.7521844260042865,
        "J": 0.01682969720283563,
        "K": 0.009273506621970655,
        "L": 0.07865307468264,
        "M": 0.06044952464691983,
        "N": 0.06285376710446777,
        "O": 0.056671429356487335,
        "P": 0.04258943781942078,
        "Q": 0.0017173160411056768,
        "R": 0.03159861515634445,
        "S": 0.1147167115458592,
        "T": 0.3231988789360884,
        "U": 0.014081991537066551,
        "V": 0.007899653789086112,
        "W": 0.18134857394075948,
        "X": 0.001030389624663406,
        "Y": 0.13910259932955982,
        "Z": 0.0013738528328845413,
        "[": 0.002060779249326812,
        "\\": 0.0075561905808649785,
        "]": 0.0013738528328845413,
        "_": 0.00034346320822113534,
        "a": 7.039965378908611,
        "b": 1.4181595867450678,
        "c": 1.8378716271912954,
        "d": 3.2343930318184317,
        "e": 11.97656207067099,
        "f": 2.0034208935538826,
        "g": 1.9467494641973953,
        "h": 5.086003187338573,
        "i": 5.926801121063912,
        "j": 0.111625542671869,
        "k": 0.9039951640380283,
        "l": 4.077595208001319,
        "m": 2.296738473374732,
        "n": 6.54915645436061,
        "o": 8.38256305984503,
        "p": 1.4703659943946805,
        "q": 0.04671099631807441,
        "r": 5.21823652250371,
        "s": 5.7306836291696435,
        "t": 8.621613452766939,
        "u": 3.296216409298236,
        "v": 1.276309281749739,
        "w": 2.1985079958234874,
        "x": 0.10784744738143649,
        "y": 2.635736659888993,
        "z": 0.056671429356487335,
        "~": 0.00034346320822113534
    },
    "trigrams": {
        "and": 0.6647049367097455,
        "eth": 0.3956077751605846,
        "hat": 0.5539207805914546,
        "her": 0.4005004508251148,
        "ing": 0.8212705579747119,
        "our": 0.38861823849697,
        "tha": 0.5144298984420322,
        "the": 1.3961599485570102,
        "thi": 0.40364574232374134,
        "you": 1.008939617392763
    }
}