{
    " ": 18.235023196773795,
    "!": 0.02864492647802204,
    "&": 0.0011233304501185113,
    "'": 0.44624302130957866,
    "(": 0.006739982700711068,
    ")": 0.00645915008818144,
    ",": 1.0637939362622302,
    "-": 0.08424978375888835,
    ".": 1.4224171824625649,
    "/": 0.0005616652250592557,
    "0": 0.006178317475651812,
    "1": 0.0058974848631221845,
    "2": 0.004493321800474045,
    "3": 0.001684995675177767,
    "4": 0.0025274935127666508,
    "5": 0.0025274935127666508,
    "6": 0.0008424978375888836,
    "7": 0.0008424978375888836,
    "8": 0.0011233304501185113,
    "9": 0.001684995675177767,
    ":": 0.04296738971703306,
    ";": 0.062344839981577374,
    "?": 0.07020815313240696,
    "A": 0.15754709562912123,
    "B": 0.0907089338470698,
    "C": 0.03706990485391087,
    "D": 0.062064007369047755,
    "E": 0.03678907224138125,
    "F": 0.043248222329562686,
    "G": 0.04240572449197381,
    "H": 0.062344839981577374,
    "I": 0.615023421439885,
    "J": 0.013760798013951763,
    "K": 0.007582480538299952,
    "L": 0.06431066826928478,
    "M": 0.0494265398052145,
    "N": 0.05139236809292189,
    "O": 0.04633738106738859,
    "P": 0.03482324395367385,
    "Q": 0.0014041630626481392,
    "R": 0.02583660035272576,
    "S": 0.0937980925848957,
    "T": 0.2642634883903798,
    "U": 0.011514137113714741,
    "V": 0.00645915008818144,
    "W": 0.1482796194156435,
    "X": 0.0008424978375888836,
    "Y": 0.11373720807449927,
    "Z": 0.0011233304501185113,
    "[": 0.001684995675177767,
    "\\": 0.006178317475651812,
    "]": 0.0011233304501185113,
    "_": 0.00028083261252962783,
    "a": 5.756226059019782,
    "b": 1.1595578571348333,
    "c": 1.5027353096460385,
    "d": 2.6446007121915054,
    "e": 9.792633198908122,
    "f": 1.6380966288853192,
    "g": 1.5917592478179305,
    "h": 4.158569326338729,
    "i": 4.8460475618112575,
    "j": 0.09127059907212905,
    "k": 0.7391514361779805,
    "l": 3.3340447759517415,
    "m": 1.8779276799856213,
    "n": 5.354916255714944,
    "o": 6.854000741398098,
    "p": 1.202244414239337,
    "q": 0.038193235304029384,
    "r": 4.266689882162636,
    "s": 4.68569214005684,
    "t": 7.049460239718718,
    "u": 2.6951505824468382,
    "v": 1.043573988160097,
    "w": 1.7976095528021478,
    "x": 0.08818144033430314,
    "y": 2.155109468552364,
    "z": 0.04633738106738859,
    "~": 0.00028083261252962783
}