{
  " ": 18.235023,
  "e": 9.829422,
  "t": 7.313724,
  "o": 6.900338,
  "a": 5.913773,
  "i": 5.461071,
  "n": 5.406309,
  "s": 4.77949,
  "r": 4.292526,
  "h": 4.220914,
  "l": 3.398355,
  "d": 2.706665,
  "u": 2.706665,
  "y": 2.268847,
  "w": 1.945889,
  "m": 1.927354,
  "f": 1.681345,
  "g": 1.634165,
  "c": 1.539805,
  ".": 1.422417,
  "b": 1.250267,
  "p": 1.237068,
  ",": 1.063794,
  "v": 1.050033,
  "k": 0.746734,
  "'": 0.446243,
  "j": 0.105031,
  "x": 0.089024,
  "-": 0.08425,
  "?": 0.070208,
  ";": 0.062345,
  "z": 0.047461,
  ":": 0.042967,
  "q": 0.039597,
  "!": 0.028645,
  "(": 0.00674,
  ")": 0.006459,
  "\\": 0.006178,
  "0": 0.006178,
  "1": 0.005897,
  "2": 0.004493,
  "5": 0.002527,
  "4": 0.002527,
  "[": 0.001685,
  "9": 0.001685,
  "3": 0.001685,
  "]": 0.001123,
  "&": 0.001123,
  "8": 0.001123,
  "6": 0.000842,
  "7": 0.000842,
  "/": 0.000562,
  "_": 0.000281,
  "~": 0.000281
}
